feature1,feature2,feature3,label
0.18113577985555887,1.1283186406288883,-0.4431567574574665,0
-0.41929594821703325,1.2750888726290672,1.0389629050719007,0
-0.6153811627649185,-0.40273713726465427,0.630109249986662,1
1.11112874650582,1.0857453098715846,0.7262122332796548,0
0.018760714544829568,-2.0854157657431656,-0.21105295882317046,0
-0.5858279285211984,-1.0092994588655184,-1.1342131243403837,0
-0.48965831897687395,-0.08294151976662498,-0.39253802287749257,0
1.243140484242772,-0.621953414735915,-1.7602258293014723,0
-0.6913382495858341,0.42550929724181874,-0.056376276162053776,0
0.9917440637443549,0.28754290703890667,0.4895275490982536,1
1.161895516582895,0.5715036278276348,-0.702315260548491,0
-1.2386285657431186,0.6440015671357774,0.31657573378458875,1
-1.1954611590596114,-0.7963350786999484,-1.6056708901817216,0
1.423401324302814,0.7676997210022105,1.7466070035460375,1
0.3827807859180007,2.2379379328017817,1.5724440999132678,1
-1.284380127125344,-1.4102744604659356,0.2944470486383569,0
-1.739616324318948,0.5400126395619674,0.9063227783742273,0
0.5630035289514951,-0.8490770029547172,-0.26747676204096604,1
-0.3619132335421442,1.2120497241193877,-0.061543835299504475,1
-0.08976881661201833,0.7483339180379494,1.0342248770212834,1
1.9783509911504336,-1.86962657039767,-0.7223394276713505,0
-0.9018753727302741,-1.3507766914755261,-0.2250386931729839,0
-0.9011902697656747,0.24068113215208833,-0.7449491088620218,0
-0.9532025298515936,0.7609732702863873,0.24250208155284392,0
0.7395179913466526,-2.0493853000790825,-1.0175240612778542,0
-0.581776709103284,0.5500126561613142,-0.8541327850588262,0
-0.7213009451639796,1.0873928921105593,1.1830051578875684,1
1.743957758769187,0.23143295407268946,-1.416420135278901,0
1.3297976309579194,-0.4422418900812477,-0.34922751574511957,1
-0.31386264935150165,-0.17996127662512046,1.1296407244254536,1
0.9137172927359258,-0.5211391716063234,0.7748217690008108,1
-0.4608266656975837,-1.4078441808579216,1.3734881176696907,0
-1.3232247510950275,1.1068218997597203,-1.4859711518715728,0
-0.603553518115717,-0.19285252314789444,0.5049442428836268,0
-0.5039669040841304,-0.35724817253054614,1.0694246311451807,1
-1.1967418745766412,-1.076830101152951,-0.2727724887677497,1
0.008910363486427491,-2.23200030344726,1.7895508379412433,0
-1.0582822375692422,-0.7291018373832594,0.7214241502934788,1
-1.3792728836934458,-0.8297130153683018,0.2543602535982764,1
0.27048362012271376,2.2867581387894176,-0.23240545874204757,0
0.8483077153764832,1.5995329834700358,0.2641783785668263,0
-1.2143887475305133,0.12948144588544294,1.315089087981247,0
-0.22783252134222737,0.11341329758032469,0.7106031854507715,1
1.0860949590270914,0.15962809746571674,-1.4245184853759942,0
0.7519072842784181,0.4041023815920841,-0.7194646298295094,0
0.4379721483717972,0.4067680281362812,-0.8600511459920033,0
0.849030246968814,2.7153245283955076,-0.9132471699941419,0
1.215452141193287,1.074351770918054,-1.2872992277270439,1
-0.5054123088531072,-0.48409887310885025,-0.31210956572092424,0
-0.9093730927737546,1.2278940109837655,-2.1418193042681386,1
-0.526287896587698,0.6567509074921565,1.2842274376982363,1
0.5890052896298789,0.5509129158606533,0.07687688160463553,1
-0.2371013093781095,-0.3365396481989797,0.16421855516748313,1
0.8913392220349261,1.1397081380984202,1.9107800162581288,0
-0.41077130809409823,-0.5408984364986404,0.744868689298471,1
-1.486692091784122,0.5367724671731943,0.05975816697658944,1
-0.05522759440837051,0.021846725924268673,0.7695609475369494,1
1.24858957345346,1.79142197590691,0.24289189265090622,1
0.05977300768135132,-0.2849224334369745,3.2892028720739157,1
0.876483437831596,-0.8737090690392191,0.5487309675642693,1
1.8921581245218995,-0.13997777797518027,-0.12477868124254682,1
-0.45933823832788406,-0.5244091658022236,-1.6971726933125677,1
-0.08341082946284799,-0.25454505299350216,-0.6479139612366109,0
0.17773713053405682,1.9187247469929773,0.8754604691306652,0
0.005911854179510416,0.7608785387530902,-0.7012454184443903,1
1.3014139913382623,-0.28941763482711147,0.17558384418888165,0
0.5428084977995281,0.7946982656333512,0.10194462632906758,1
-0.12004801390257674,-0.7041172045348764,0.22797716995613174,0
0.0017310678251809398,-0.08450847448210672,0.7694388663821249,0
-0.0007089073391369834,2.0042313050963503,-1.2012069470972715,1
-0.9665667052308439,-0.7457565051211643,-0.7329661251458067,1
-0.29374115576977317,0.008293295010532279,-0.1221515756420965,1
0.19149832730483604,-0.38554863677340734,-0.6257156187134699,0
-0.19843852700582726,-0.5288015313643305,0.0030810896827069196,0
0.5423195210143874,-0.5132564381444967,0.8098555280576905,0
-1.056472973574384,1.00490364720202,-0.6982755265808034,1
-1.0570918209599618,-1.3751369327937673,-0.1812200318568201,1
-0.466363299259377,-0.8248211670401235,0.41673156701887815,1
-1.3905292113547445,0.5686981762083444,0.1662472741285624,0
-0.5215353576387594,-0.17156997252342374,0.5486568318314551,0
-1.517210380427533,0.9105185040131666,-0.2737354648710845,0
0.7626619411339298,-0.22094609408632102,0.9310607029500877,0
0.10068194136687939,1.6840617206679156,-0.29392739290799075,1
-0.21542006411483083,0.5522784136286011,-0.5747866564560166,1
0.36131847907400094,-0.3882057417791116,1.1028206817978594,0
1.7717462817621876,0.9037649905733829,1.5162036408521233,1
-0.8343023626553522,-0.38189974793367,-0.6388620285158224,0
1.1975399488304426,0.74836964377195,-1.0071992614784104,0
0.49664294383840624,0.6414974994953071,1.6114677298488724,1
-0.7239500985852634,-0.5517986332034689,1.2932125423696976,1
-1.5499409756457274,-1.0735291608119784,1.0386966860867886,1
1.5574439558289774,1.7690792416774987,-0.5557468444505239,0
1.1965875233510224,0.12016084718512451,-0.2389892014150499,0
0.19258763903598633,0.5283596771821724,0.9168908685458241,1
0.5177340399551146,0.3195827806749374,-0.3444831431529595,1
-0.2526181884096474,0.3292726168146128,0.9794605048722176,0
1.554128361594131,0.04154982722239262,0.14897769910506148,0
-0.3845803414261598,0.029436081074617985,-1.4529867113715371,1
-0.013385558307870764,0.39226259207654046,0.24538493022158178,1
-1.3406007945245548,-0.0753802871897991,0.13842353208337485,0
0.41241441042889393,1.3904307843835702,-0.06042145777644676,0
0.844901411686217,0.9606959497226335,-0.6992386688082511,1
-1.6266103422125509,-0.23572907262290815,-1.2842988762166028,0
1.8770553691429848,0.11270000766363593,-0.2857627567514849,0
0.9336483146910256,-0.6061621391951413,-0.22021404384473325,0
-0.9177816208037498,-1.3465661972756575,0.26838550457605287,1
1.0061969885965245,-0.5275717581768606,-1.4705572226048464,1
1.4072209550343104,-2.0212346534565016,-0.7211721990805278,0
-1.4448962757767907,-1.159806930974046,1.5899854203043453,0
-0.010876842093520857,-1.2519125374385138,0.8649100083198311,0
0.17305440684988582,1.591241238272315,-0.3890351498760669,1
0.6029939260562768,-0.41068405237725897,-0.30244655508619217,0
1.0229442163152016,0.7504000202581309,0.9857915632416028,0
-0.027537520797526915,-0.23559517701052163,0.031424784704840274,0
-2.1694761365863227,-0.7450588252889022,0.346918863228771,1
0.016815472624016677,-0.7467009032195063,-0.6881224230599186,1
1.318246722144444,1.9141599884367066,-0.1943077386394576,0
-0.319983851503553,1.8301787432716479,-1.6368816939936046,0
0.4990211497771682,-0.16781702481687474,0.6079173372479912,0
0.23396734618584036,-1.0422796753764316,1.592882754644271,1
0.8116340451242183,1.1811713297021336,1.0540987573509564,0
1.1965872912792836,-0.4517340500451955,-1.3858949623465833,0
-0.5972311755753227,-0.5234728794759999,-1.1545076323593864,1
1.4212491292227714,1.0100126812995684,-0.9196806170042825,0
1.7687044764830895,0.0819752335098595,-1.5987461192089791,1
-0.8043084770818836,-0.6926276374225664,0.5911291168528537,0
0.6262037260825883,0.4613953065608336,-0.4227295052075355,1
0.5647928428909743,-1.382606780089357,0.129537548645169,0
-0.15681013765913024,-1.0125315442874914,-0.11054588731466505,0
0.937195477775389,-0.36377456167584754,-0.8116314549147141,1
-0.6374440272889945,0.7724958018959143,0.5726188556924906,0
1.2543337736688305,-1.4849116500163078,-2.2869713105933083,1
-0.023116971831666187,-1.7172800408564366,-1.849560447314566,1
-0.554988157562616,-0.8818814287134672,0.7044106389050915,0
0.7633337785464425,-0.4338529352759184,0.5912695010447304,0
-0.02460392429324453,1.0403717058318924,0.5920840358379936,1
0.5449878496867084,0.9286223946748611,1.2995822972193383,1
1.5986954230449306,-1.1605796537712585,0.3950947743678244,0
0.3851996506152247,-2.015022478572354,-1.2062620327101492,1
-0.4831488048581369,0.42988419380286397,0.25985096780906003,1
0.1255936893624314,0.7785264898991799,-1.174098937496735,1
-0.09573117857474377,-2.4150831008212896,-1.4821077686058053,0
-0.1030039725440934,-1.919368088105394,-1.4562951646578166,1
-0.7638220309832793,1.1395456940886899,0.1445381962748574,0
0.6777578549726788,-0.9541640996199146,-0.6276898592099462,0
-0.1802034719425454,0.9998849371508275,-0.04055194086171045,1
-0.565399330467877,0.7081464003907857,1.030059444301551,1
-0.3209352453756762,-1.5868597801195845,1.2284547815483253,0
0.6525021064595254,1.078975742096243,0.5410709798083244,0
0.15089201701628255,0.45425242468832644,0.8587102760894233,0
2.3554313561980327,-0.08148382774332577,-0.16611638507575163,1
1.3421901438873465,1.7462402645000903,0.9108299456321992,0
0.19549665170263714,1.6944734916097195,-0.28494467167102017,1
0.8583587565008557,-0.9084114480225668,0.5297244060151974,0
-0.5405659880866043,-0.31538409155257097,1.1918622476502974,1
0.6817161142757188,1.8009819356700698,-0.3195151159974574,0
-1.0930304924732521,-0.9365310744251593,-1.004131274940724,0
-0.09566491154354781,0.0017616409907597573,1.0347798097671899,1
1.373883595913479,1.381971724140783,1.1152960406851418,0
-1.3552404252390697,-0.6403564217074005,-1.7104181921165933,1
-0.24799185164518253,2.490569344824072,-0.015181672889646945,0
0.7042374788602388,-2.4642969542161675,-0.03323108693019085,1
-1.9930647308295892,-0.9113245414280237,-0.2955722751882591,1
0.1716368745012972,1.3088652668182696,0.007615386056511573,0
0.9242865421044706,-0.9245338090675174,-0.5716860755324469,1
0.672862556064954,-0.6149717057939131,0.5148264709912631,0
1.4896267256193063,-0.689087577671587,0.01964308093711689,0
-1.1987217757256752,0.6423072235599475,0.9319511206690128,0
0.5725860651373674,-0.49075043079272096,-1.2788118143239788,0
-0.03418532382146599,-1.2612890812574462,1.5707012915113268,0
-0.3749539282247179,-1.3201568912778898,0.8079054680315367,0
1.026010030258831,-1.172799882192875,1.0290319947703201,0
-1.2045629937734377,-0.7839071668255747,0.23397345331869757,1
0.37957929096237886,-0.2991044259988546,-0.03617259486649395,0
-1.6902060198347457,0.5257819230588086,0.16050907784172397,1
0.21396267726190674,1.1399541477387856,0.8396446573679739,1
0.584471736977783,-0.1697718706989004,-0.32746827179271093,1
0.8034351683534297,-0.10348587433865078,-1.3829538582406096,0
0.6189958197916382,0.948832407747409,0.9003182535401866,1
-0.09943518005065549,0.8091297139048528,1.8019177186651987,0
-1.4323475311035907,0.6665723868115369,0.8253894717498355,1
-0.6192582688485619,-0.3329738275989818,0.8205125802435294,1
0.09852444267903387,-0.22773963259825591,-0.0688770836708338,0
-1.0050127343578161,1.0603838213782542,-1.9193532839989338,1
-0.1532120450907455,-0.4347161284166787,0.3386720171014354,0
-0.20576026836863381,-0.07851065050692721,-0.30054303186694403,0
-0.3494170052030714,-0.1795891157831357,-0.32735734473112055,0
0.13992687584189636,-0.9536890623952001,1.2423502212130426,1
-1.197858323011345,-0.048490831060602466,1.674860646747124,0
-0.6987110029038283,-0.1419663338677451,0.09241408748439334,0
-0.8199662197224702,0.5255977179187376,-0.3568108290194271,1
-0.06344393359673327,2.7518223240921698,-0.22474982235973623,1
-1.4363015479684103,-2.1138448725840666,-2.6204784013293176,0
-0.5272019564604237,-0.2627912591609348,-0.28061906919112134,0
1.1184223301647136,-1.1781895580226984,0.8694960302180255,1
-0.1726519583862255,0.4940741855767948,-1.1426146700226976,0
1.5626429607524737,0.7989008849616998,-0.31180927632790917,0
-1.0781319834184258,-0.9260583289448074,0.7104705343841906,1
0.36160909040923717,-0.5796203668084429,0.13688259076244932,1
-0.4410208631463463,-0.1389218658803549,-0.810747763746058,1
0.15778215594929265,1.5255363822908221,-0.8932893925296668,1
0.6452995549696107,0.8386319907659108,0.3663569572980436,0
-0.6951357941181238,0.3890683322675314,-0.4098829625690793,1
0.09832423029637224,-1.0388091425157775,-0.7420980842097992,1
-0.5429776350229708,1.2183916374081496,-0.6638245300027498,1
1.1709071993593332,-0.7197991985402868,0.12456277579807168,1
0.22627159388407467,-0.6191159810091783,0.37150442869177763,0
1.4526670117976346,-0.5904523767547482,-0.5178451603583019,1
0.4379171459932045,-1.1044814409880985,-0.18937453991297462,0
0.8042915707221224,-0.203859147494938,-0.23587414759955755,0
0.3045479237618731,1.5643177694129522,-0.14808482561762157,0
0.20086590214400663,1.2364150762924409,-0.6188141698491177,1
0.5642498184766125,-0.39668724235637687,0.8289019070281479,0
-0.713933019322734,-2.0681455679660377,0.22635997117454032,0
-0.4944925171380248,0.4621077542542536,0.7452468272971039,1
-0.09443144008490813,0.27493771139947654,0.11257579058368317,0
-0.15727636803457765,-0.38890800585068486,0.8443969829731317,0
-0.4225019336997447,0.012176738664013224,0.5602783364844267,1
-0.8077081914647254,-2.0289650069450187,0.02973035248166934,0
0.30551447392000225,-2.1187043164847843,0.1390297171381967,0
0.6030215174348432,0.7348395824332372,0.2960961858148689,0
-0.42616540655508445,0.5167319777803062,1.2805231659566592,0
0.4363592154834182,0.7290393661329816,1.3115473844156276,1
-0.13953782532301018,-0.02585256079658034,1.2078400344020945,1
-1.406916339335307,0.45100185530011877,0.42989349154961987,0
-1.1051662459566423,-1.8823376756975996,-0.5823645023391685,0
-0.48077233136234954,-0.37671821059294547,1.6858468015703107,1
-0.45729946934134835,1.8080788638666807,1.7291076502784455,0
-1.0516189308709571,0.535605552099656,0.6600079645641574,0
1.1749625640524588,0.4278676752125745,0.9232675672870455,1
-0.11114025539648566,0.3361082995297033,1.4318763217425727,1
0.4602388983338424,0.8388049835820711,-1.370585706682391,0
-0.18562894870987262,0.8122693580628074,0.2890089117133773,0
0.8938078429979478,-1.0745299593589508,0.8329345763496889,0
-0.5369791429925436,0.07888995530821506,1.4572126711987186,1
0.0792513587551102,0.8918775735011216,-0.8679742753699815,1
0.2438611447391756,-1.4807319453337078,-1.5103349949917078,1
0.3601098725366089,-0.31570293123575993,1.161720551385927,0
0.43205305141448413,-0.28596552040003675,-0.20184012649913036,0
-0.9610965049967994,0.8223379379068534,-1.3229589087867084,0
0.7160927557686926,0.8717198141150769,1.0504002095873493,1
0.8652900411634361,0.4212010952687522,0.16414071344628117,0
-0.19117405951740157,1.7116608565185092,-1.4489030083807966,1
0.4709135497911306,0.2465235529303405,-0.4186497188045993,1
0.26711750824183234,0.7187023202656001,-1.3416097836728196,0
-0.28392581648890475,0.44738798676508434,-0.4681810951731478,1
0.46464755701947025,-0.29806069362858084,0.3103654887270067,1
-1.7803780831674427,-1.2060934910102823,-0.6436551512093235,1
-0.19307988776243767,-0.4858360039490457,-1.1973504639410795,1
0.06107276318846123,-1.2224827661141258,-3.193267788259976,0
-0.24544221131825592,1.0677115229705145,-1.608298621640859,1
-1.4750271502212822,0.5007952807766588,0.4475009615961843,0
-0.402191573797891,-0.7103167105550461,-0.5071310529591035,0
-0.03479844991525666,1.2329502097968439,0.8428192825815776,1
-0.26348077544248844,-0.06378021481512652,-0.04287034467589645,0
0.9340955503501776,-0.7473662929298885,0.08119682933075574,1
1.398367721774101,-1.5921917138425998,-0.5765156422030402,1
-0.11448154051321102,-0.4838611049252754,0.2810416650800855,0
-0.1816867272221101,0.8101839315608297,-0.5721373155457362,0
1.0809492744859934,0.8814662516460077,0.9491944260767409,0
1.3350417460785415,-2.80728119176827,-0.5841628273677475,0
-0.41470051948891445,2.002336630670242,0.8343842024999508,0
0.7014712939088963,-2.056803249638079,0.37380648588379023,1
2.1272064547413465,0.8272160213328894,-0.541273726549806,0
2.1872497713652073,0.658845456790438,2.1156079789319224,0
0.3720417306132983,-0.4144345367926672,-1.2320231957344963,1
-0.11582181015995376,0.9022075067775499,1.8441088242886017,1
0.6940314287332184,0.638820338221194,-0.2657481174173486,0
-0.5461838784675986,-1.2997898992799126,-0.11872888727535366,0
-0.8971704537667028,0.7197195025386329,-0.007867502632635564,0
0.2894985063785107,-0.9792351847755941,1.1519201178632275,1
0.02931291085557953,-0.021753796019544535,-0.6292534222948042,0
-0.3585791620585614,0.7749822251291827,-0.9888727019198903,0
1.0264758846148023,0.1859256455795256,-0.539025186412966,1
-0.7342490202114994,-0.009747043597671312,-0.903520515921954,1
-0.55787556893912,-1.77838563613828,0.9420787390500308,1
1.4332662725605936,0.8361552995165281,-1.2306390061795662,1
-0.683461544993711,0.2737400771317957,0.3057718591223025,1
-0.45630579057971477,0.24943314593179797,0.09670118825754656,0
0.3825656789839283,-1.800073156721133,-1.7447961497959978,1
0.7319100935312917,0.9638137635662816,-0.5224815263840009,1
0.27256911962083535,-0.5125420445671979,-0.8910891468952876,0
-0.07266991692631329,0.9564997265486737,0.9237957216905738,0
-0.4208221800404435,0.48569001748432195,0.8373701548374661,1
-0.9002643076068725,0.5310212649649798,-0.463106292115028,0
-1.3833526310014033,-2.2058469948539736,-1.2252823519481135,0
1.1694504537733266,-0.27939162249562016,0.6910841422551444,0
-0.6863917886593623,0.47716031028938266,0.32778061803778025,0
1.7823928402334102,-0.6661016377848943,-1.316442729790789,0
0.9689351834190386,-0.19116549992538187,-0.8058802980811536,1
-0.2274851144216972,1.1877062892410046,-0.08271721851977469,1
-0.3220375285875767,-0.4680575703791031,0.6899295978061809,1
0.4820551595638242,-1.734741200082559,-2.1852905676709136,0
-1.2688982736335124,1.0101144386493957,-0.022369281272811327,1
-0.023375908666579105,-0.7428152023287133,-0.790596026253043,1
0.110887411024542,1.4443995696169971,0.847577647155999,1
-1.0815935097560823,-1.5151599035697862,0.2449425695305745,0
1.881270222983875,0.9737009099375484,-0.8367806267458542,0
-0.6319584787524573,0.06604970649483817,1.4952436862115097,1
-0.9019373320817217,1.9530582161478827,-0.28506786911990584,1
1.0681186751157319,0.17501784877893897,0.5000471310847353,1
1.2769846877278799,-0.5908540925096871,1.494001762251955,0
1.324861276282361,0.15289311387054177,0.824210807727705,0
-1.0541153996838737,0.682556755575717,-0.05697142863172414,0
0.6342049150856437,-0.007843703042057382,-1.3806656487820237,0
0.4162541894671444,1.3703409020123973,0.9721810306427284,1
-0.2842301060487392,1.6245046932652414,1.0111825719321383,0
0.2734053746309321,0.5534567616909315,-0.7016350271118172,0
-1.0549936888274594,-0.38036614595907897,-1.9452458937014843,0
-0.09000568093928611,0.36680360190971933,-2.4882325228212494,0
0.4723149812425706,-0.6072932377783107,1.5631456075858479,0
0.18666935683607436,-0.4950140780097052,0.6222295622010149,0
1.2393277067590167,-1.1376368258709197,-1.7676826390733125,0
-2.111826412016679,-0.9857359314974645,0.6130486993434898,0
0.5046531650466457,-2.0517623377789467,-0.4211552904036423,1
1.4097098460735675,0.6046775255304778,-0.043609449349847236,0
0.5734954491478812,-0.19887603635335566,-1.7134362645913974,1
0.30531584852990745,-2.4541756281114337,0.9302909576735875,0
0.6828449610189702,0.7768396832624335,-0.3259195182761376,0
-0.4104873007833709,0.6693388328489683,-0.746106779605197,1
0.6569878038636756,-0.20910668334768923,-1.1647090171990615,1
0.02163102287824662,2.2977476254505156,1.0209133192523907,0
-0.40656337513532526,-1.5100716027024408,0.6740557342040323,0
-0.24823202341637038,1.339142382812918,-0.7794563502850277,0
1.0775537687233234,-1.5585286784305799,-0.37103602974180444,0
-0.2390682346172834,0.37309890473455465,0.478868059182722,1
0.7938076065775641,0.9162655768380553,0.7126268687145296,0
-0.3499133681434417,0.6164814725986487,-0.5618146720820831,0
1.1174120863479977,1.871788241862502,1.4460165819532276,1
-0.5532780390862713,-2.8275988231398967,-0.35301216352539694,1
-0.8138082532170497,0.16842076088147165,1.1093748710802138,0
0.45642371363016415,-1.6545729323569411,-0.05975425242154195,1
0.8438238178046229,0.1905381856422261,0.21958389409135085,0
1.3258893231414453,-0.5380694256599646,2.0799102251909485,0
0.19823294145455947,-0.19190599544031764,0.018005721763338672,0
-0.9636835379701062,1.0667843301717503,-2.0116908709739225,0
1.641385243549047,0.042357612151859174,0.829956110217296,1
-2.2037398692651355,-0.05557982560282867,-0.6279487106081164,0
-0.4982992127592198,1.4685884274530832,-1.742351146200906,0
-0.17698158781168685,1.4932370762612315,-2.2473141383199136,1
-0.6243733408405545,-1.1514197681996758,-0.42356274879666844,0
1.093424139419824,-0.1865893128052292,-1.0896767254616515,1
1.1367404030193133,-0.2950800017753053,1.1862018440795234,1
-0.07695298435018257,-0.345933646186815,0.33545133062345106,0
3.044674425340019,-0.3526839237302164,-1.2750897187357717,1
0.39013421551739486,0.6941211242624244,-1.1585498208561478,1
-0.9252422493203437,0.5033416549498411,-0.8201735906408534,0
-0.7381727163216677,0.5936244280523186,0.261502571869351,1
-0.8037074103848254,1.5793194920988096,-0.609662505732825,0
0.48672011077917743,0.8898773333506453,-1.2568778852179256,0
0.5104191255783016,-0.09510066799783466,-0.07173998211835156,1
-1.0658262588629175,2.4801733977764218,1.4623976862927524,0
-1.8879361703860966,1.7949767948721767,-1.8562964206519132,1
-0.4756716567346297,-2.2674039486287696,-1.8610341074243921,0
-0.15138947458983082,-1.560669735020612,-0.03929037163326279,0
0.8177242165574191,-0.020012430855467504,-1.2590166502005977,0
-0.6100083287340075,1.4191225225711475,-1.029786972012276,0
2.9477321735894804,0.4353789938262657,0.7056184804694751,0
0.018669876868281022,1.3112756016556713,0.8982681103617384,0
0.8655452955290905,0.05932588741185147,0.4687173972354139,1
-0.5126518988822388,0.0631776322558877,-0.633168651371477,1
0.5398213734364242,0.5379014904531044,0.04677851954671259,1
-0.02047390265760006,-1.027765421225262,0.6522923722543786,1
-0.8525323686879094,-0.6391139209511063,1.777823281635449,1
-0.12822634881801526,0.9930050596548153,-0.9120766866485535,0
0.272524302690149,-1.2596776923849389,1.4857848908132956,0
-0.516237215125347,-1.3215838375197133,-1.3145384637267024,0
-1.3400018781237908,0.16690817403212063,1.1330061432178828,1
0.7838504830439563,0.809210096070349,0.5773968495022342,1
1.733253893369511,0.9220382067347205,-0.7748456628696988,0
-1.50488081741415,-1.0906920332240853,-1.2788263807196454,1
1.320223791573818,-0.9163555910772261,-0.8183733452239309,1
-0.5026913607654278,1.0646499181449047,0.6327814502216511,1
-0.4855704893315279,-0.6114295608166886,1.198366415059575,1
2.6220898854026076,-0.17001167889262533,0.5416246517220646,1
1.978319486495305,0.6419717822242332,-0.9547058425357168,1
-0.22256867327495355,-0.03537788200735936,0.726967652477395,1
-0.11386556494949722,0.8795267950662645,-0.4583915567474879,0
0.3281606392736755,0.7389380493105194,-2.251950207601117,0
-0.22937316332242608,0.6675524142567847,-0.751529866598335,0
2.919620538209024,-1.5993649586170742,0.2442475028761726,1
0.28076832934118406,-0.2550633911953025,0.3002922892392093,1
0.39417085567440346,-0.13063996701859917,0.05144833444198195,0
-0.11943828265991156,1.0688902918328633,2.250447797407586,0
1.1898836814407272,-1.4730218207007357,-2.378843364705149,1
-1.7675329623821507,1.264910046333627,-1.043663332666008,1
0.9839989972929039,0.9084885090016694,0.01848543560185861,0
-1.1951118768293818,0.8647998569921073,-0.4066850987156534,1
-0.6715196288657712,1.308769380931703,-0.20099274004379256,1
0.39947119795821723,0.1524417560049482,-0.4849829728520783,1
0.31725509767936644,-1.1309527392872436,-1.808117064046597,0
-1.1469466149737815,-2.0364762722192267,-2.0100450373802308,1
-1.190919087558519,-0.5183617340007092,1.4428328084722764,0
0.19442037479483487,-0.6208119236296424,0.8135743440351144,1
1.3133744304946355,-0.8475198233126059,1.4893150367947827,1
-1.3078715427330034,0.5712686075174183,0.8473797131197681,1
1.8160647115970248,0.8917093729775138,-0.6350207449410654,0
0.7414276090251225,-0.5473771068064774,1.8933723613029747,0
0.9889003631917994,-0.5088025161384617,-0.8638870483361029,0
-0.4574569937240396,0.6526448103856302,-0.21959803786592208,1
0.6539186484263584,-0.3941157417778384,-0.2259152844105758,1
1.1204718533159066,0.4244935582330977,1.3087309386290367,0
2.4539645055311303,-1.261637872536212,0.13611244307556455,1
0.42218180547610173,1.0764522946290143,-1.0973923270854258,1
-1.234312911999278,0.33433160732406575,-0.9198195329631473,0
1.245738746536082,0.08134429437528592,-1.7687220686894474,0
-0.3229386582674112,0.08315762216623805,0.2553017106725451,1
1.7430913512018846,0.8822016604477435,0.538955675226901,0
-0.507592835413325,-0.62104144598796,0.2546554870800164,1
1.3989933984475371,-1.9402984654329458,-0.252150516519602,0
0.43148787416723283,1.3945147080995413,-1.2511414586412601,1
0.23207651698571224,-1.8672140685662768,0.7956130457339267,0
-0.6067964226350724,-0.7872485843080929,0.5946252294545342,0
1.507561026482137,0.36694997599642676,-2.1565094572340047,0
0.8714388476193349,0.30209032950953746,-1.6915446114083332,0
0.7230255190021685,-0.7321033204353815,-0.16462797205182914,0
0.9977099351925102,2.164523166614221,0.6661298565465243,1
1.0312458359365866,-0.4351294285070879,-0.4647408979392536,1
0.4540547735365083,0.11670677743791347,-0.855254782048224,1
0.8107155662394426,0.16594419366654392,-0.651062207160503,1
-0.727550053710039,-0.4982516481092912,-1.2350479172813367,0
1.3850662186059923,0.41651337578010533,0.14585043888782154,0
0.6299432106472874,0.6103350418257958,0.8714986318343889,0
1.9730177727783371,-0.915625096521033,-1.0914301771426271,0
-0.40092845653789533,1.6923576704457275,0.37236042629103083,0
-1.680991742272225,-0.7201046024529768,0.35331032432431425,0
1.065314607937911,-0.33816262703997596,-0.6699451791589898,0
0.04015433072548019,-0.7903345411577435,1.6020092597184807,1
0.04020817136169823,-0.4848169840858814,-2.479669609296062,1
-0.6353313130254863,-1.1829359275329683,0.8695046829356853,0
0.4644523241974206,0.15081470751653234,0.964810686065647,0
-0.4987282837010879,-0.37746281035472384,-0.7252020533873412,1
0.8449642464733781,0.12885131857952034,-0.65516531611817,0
-0.5025768409196657,-0.5185393866380561,1.54983741497864,1
-0.5093729041813326,-0.7622072112589173,1.197849588953798,1
-0.9599752605890088,-1.6923592216600012,0.8804631616438757,0
0.009984425640453135,1.2938128656590278,-1.2447417988433591,0
1.6852336284896063,-0.79651040959145,1.1573375282827258,1
-0.2220282513403967,-1.2148653644908542,-0.28586711154610206,1
-0.3371871694758806,1.2743690871672448,-0.6116360326887934,0
-0.5394912582336778,-1.182657323012009,0.9690660264631609,1
0.2670230971732517,-1.7364084870581433,-0.83457322216045,0
0.07457340991835003,-0.24060203086096515,1.0359478012421346,1
-0.5441744226901275,-0.8068425606619007,-1.1634085634155953,0
-1.6501495243128395,-1.2431718810161418,0.17692276728486603,0
-1.9178842109461414,-0.1901990927635451,0.8946117732656786,0
1.7628583839295808,0.3252592104700661,-0.1528247183554791,1
-1.3953577157091483,0.14559607431147673,0.523366091978974,0
0.5750316391984468,-0.3214145257974327,-0.35292727867140783,0
-0.4241385567844937,1.6408793492294091,-0.8125174138522573,0
1.1065954132918068,0.10733143483546947,0.17791334795942762,1
-0.12510906155123866,2.356742917380435,-1.3215753533516077,0
-0.6089077947054319,0.6503819623204063,0.11613950102445128,1
-1.4162029926921693,-1.6291400723489988,-0.7335937755449097,1
1.4744348216809875,-2.250164390785939,-0.9153257422726583,0
-1.4311384509783314,1.2734754042764544,1.8095248173661655,0
0.09903535139811313,-0.8497591890410278,-0.37440695416600966,0
0.6747945612338253,-2.238060963842377,1.4379599380046226,1
0.9099640166007441,0.2792469890062121,-0.5411840535836032,0
0.9031830265765937,-1.1495647658607189,0.13538058512330542,0
-0.00822760342639861,0.9389747124153637,1.953342432410773,1
0.46879065095705813,0.2914030108340419,0.7441193329691813,0
1.1704017027029978,0.2644250576666081,-0.42361121757862574,0
0.5089869103565783,0.7694932708248943,0.5477874441377352,1
-0.5949586571082902,-0.6826467290280344,0.17799355630693725,1
0.5448639326835144,1.3271883436925105,0.21716974843673068,0
-0.3422950570571569,-2.170317777260405,0.11612091911812761,1
-1.856835373629495,-0.8702792849433991,-0.7053216145228796,1
0.6156818631653522,-0.45466109294277773,0.5407940249073455,1
-0.4189262816104506,0.3060462405728294,0.5479764873532774,1
1.7307481782076828,0.651985029904953,0.6580246957844869,0
-0.5101866909805489,-1.0713605143073104,-0.6739438796743754,0
-0.14016380209375906,-0.3268995986410307,-0.2345710966526095,1
0.666780951398929,-1.201289316400724,-1.179184086831982,0
1.1829046062699424,-0.29059380149980973,1.462029736970028,1
-0.15578787836340646,-0.1411993131845012,-0.47726455601857454,1
-1.2435131322898139,-1.0504856358332157,-0.59469725630873,1
-0.23858895625369175,0.5423700936009852,-0.7942246710620556,1
0.020752062920661504,0.1497609254597977,0.391571328377273,1
2.817213040615475,0.8143268529022586,-1.0520028353747084,1
-1.2333926663806907,-2.185780956997818,-1.2238736981755591,1
0.6156907348307763,0.5963327500795208,-0.11722639312309244,1
-0.6525629622748278,1.0933433267510695,-0.6947882932372034,0
0.5256665423335449,-0.29970482768304574,-1.482468315036188,1
-0.09502512476369306,1.3864184004904077,1.3180811549007416,0
-0.07617556807231182,1.3945397625663023,-0.15912976312998003,1
-0.6397800673170219,-0.24088604310570516,0.9674008386649858,0
0.48467978542522655,-1.3740716300500573,0.2974076497088753,0
-0.11264831215009707,-0.7732625745142432,-0.7953357175052446,1
-0.7828263020972434,-0.10822499285323998,-1.818872395381322,0
0.30329440431705906,-0.10282685164974245,-0.9869617874084806,0
-1.498593822529235,-0.5417370514197932,0.14339708184005343,0
-0.7540911100508795,-0.8743722840823244,0.9621877241658812,1
-1.2355535993426146,-0.3351504212978264,-1.0129598415480858,0
0.007078740271617059,0.17916663686643858,-0.7549564484212897,0
1.1184873392395727,-0.8183146204607197,0.06784319452953418,1
0.6942345859017307,-0.024207506214364335,0.3849328527767159,1
-1.5694457003787876,1.6934231168657556,-1.2953513179414105,1
-0.8828074448688182,0.8025882840534418,1.0511826647121103,1
-0.6825118584020073,1.9188091178889797,0.8326563800891931,1
-0.13260760424923357,0.7070494601144416,-1.9843093885919945,0
-0.5345257972619076,-0.4234964203870743,1.5392927811605825,0
-0.4025315226201983,0.448623479245375,-0.6774221026760898,0
-1.4915602318155536,-0.17209407628665035,-0.9954408931275862,0
1.0472891535029771,0.1000968655862641,-0.7781325323198376,1
-1.013670688303394,-0.3868659812198228,0.5504279794196494,1
-0.4707191673898637,-0.5694756793312371,0.1778838850102299,1
1.0180767621754032,-0.2181518851965538,0.3585685936156577,0
0.946117853042811,-0.45634638150793877,0.6618448673265436,0
-0.07272149573867853,-1.134088490941625,0.9436376209158582,0
-1.1988763240449438,-0.5231389896440466,0.6731293547735835,1
0.9455776560429531,-0.5514117549206566,0.92784390343545,0
1.5489796838667278,1.0512114475026442,-0.5607444719985832,1
0.2954388156399453,-1.8345197727730027,0.02100129601049921,0
-0.4791127747158647,1.1016629081433869,0.8393946904897519,1
1.3635786137901438,-0.46173839060660543,1.6255726785585392,0
0.8728004649974024,1.2545838852209414,0.8111095769034715,1
-0.8608240446127701,-0.2025646712392232,-1.180693613699305,0
-0.7082337860290288,-1.0774504785904535,-0.9014694397836807,1
-0.9415163788943852,-1.1734529752007996,-1.0958295635669066,0
0.3706183132091184,0.054488848863583045,1.5569087277207918,1
0.32215445025614037,-0.7060372554228106,-0.4372663599921657,1
-0.04021101403044505,1.227746055406233,-2.2540818483836826,1
0.10336135170781362,-0.4522516274913992,2.025539213784336,1
0.6588115558616002,-0.30284595467963427,-0.10396743542933978,0
-0.4729282076885413,-0.966032173275767,0.8684809586543408,0
-0.9282134665117637,-0.5044693205902052,1.4831935038123008,0
-0.19890650690786632,1.5450837717040604,0.7042561467588856,0
1.0073596545709622,-0.05102275837548004,0.6640132192709249,1
1.1076215571508432,-1.0902794999241434,-1.872885844848716,0
0.027821642253903496,-0.40536624239343444,-1.7298244108843948,1
0.4260597270995608,0.973725592701095,0.7133194017018203,0
-0.17975805612914336,-2.041762195602559,-0.6151368846356177,1
-0.9340670467968729,0.4808258370315408,0.24670082204579852,0
-0.42451191839871416,2.7547638211498033,0.8418124190424172,1
0.42044920139145814,-0.44867469034790847,-0.6572163788082881,0
1.0698026540075927,-0.8813177790050954,0.32905609912140965,0
-0.0651204514212401,0.6238051868256049,0.8865396975853446,0
0.5271252099157719,1.0374664353584309,0.6714594389140749,0
2.279396040340981,2.2428829823857024,-0.7803877985552194,1
-0.3533908028126942,-1.7006485622339753,-1.0660163370458748,0
-1.256740243891846,-0.6082685698498321,0.9046055274866197,1
0.409230535727302,-0.8819770299558257,0.4487693442951025,1
0.2891882602303281,-1.9741276842559428,-0.7152628941140159,1
0.7879388686423108,0.08449162825151524,-0.3674188009496671,1
-0.37019602227881626,0.44362625555434737,0.9024770853273246,1
0.12214694204406208,1.7649815751453835,0.5546748095841145,1
1.1662415832403037,-2.1208635572589083,-0.842045011407785,1
-1.1843621088315335,-1.3227065469606465,2.0650009360556614,0
-0.5753579166485124,-0.6530008802172608,-0.9859300222370104,1
0.7595411088419878,-0.734603748384411,-0.589806892097471,1
0.9817642991367918,0.9025916380050107,-0.9923715570153526,1
0.9936947952788158,1.1476245282205786,-1.9737668625678022,1
0.6814166604469928,1.285482053168486,1.2951560124489123,1
0.15394858219592086,-0.8803983134433419,0.6066427833908838,1
-0.6975860097555134,-0.6863720690071646,2.1343629517098983,0
-1.9576060136419906,0.7311237398054673,-1.0056951740578493,0
-0.12683374422234214,2.422988205538308,1.4379369542450207,1
-0.3571266824178338,0.2693537445373334,-0.9923434151867091,1
0.42019450283248727,-0.7274904039943051,-0.7925654089200768,1
-1.2971839343795897,-0.1901991797711778,1.6362565460418967,0
-0.22451728702838863,0.08116034996412505,2.7126221746770365,0
0.19185594038736897,-0.7506664049958651,-0.25046395276867317,0
0.7756124680296052,-0.44669816499027987,1.0936669310605125,0
-0.12846512472889327,-1.1308754805731358,0.8239557005115875,0
1.7503363132360388,-0.1535384426674083,-0.1989036559355171,0
0.09147459336608467,-1.2494148058016874,0.3208717090686118,1
-1.314838842255313,0.8320417901029588,-1.2181796275311152,1
0.5876836897885249,-1.2634934007681298,0.8402176069176235,1
-0.1352281643665896,0.8727528485528593,1.491328896169855,0
0.6491811757750318,-0.5627381393262574,2.1125660661543155,1
-0.29139943381684746,-0.7633199153362095,0.38388053494526253,0
-0.6645804126875455,0.7925273565735331,-0.9352596024673995,0
-0.8836503566144548,-0.8140034074419421,-0.1614774990544801,0
0.012248914109979964,0.11712088242702685,0.2837689390744555,0
-0.5589418671036933,-0.9882234111130414,0.7366633349440922,1
0.2492753105101423,-0.9649977421357409,0.5648792383639256,1
0.2936847189073744,1.1393797074761007,2.2987379806386734,0
-0.6328340905550123,-0.6644543116787792,0.7324388001837185,0
0.6346909793657348,-0.07443345661591998,-0.9886651713424306,0
-0.5649674494253388,-0.8427404040057601,1.8299976934559399,0
2.6595711382690603,-1.3585273624104532,1.293626919494845,1
-1.3548112632926552,1.0272362836132118,-2.039880537263933,0
-0.23364311018718842,-0.517436599932,0.7415462573202113,1
-1.1268908649662406,-0.7196509588913793,-0.6450088283548504,1
-0.58169248376019,-2.1137834677804324,0.6488546084112027,0
-0.5120407712491176,-0.3434601026683123,0.9224481301058077,0
-0.9180375595364414,-0.03761949869643989,1.5682236702654635,1
1.2486316026416624,1.1782900198888577,1.017503300812821,0
-1.261830348211713,-0.1415424404958613,0.3105551801813584,1
0.0787970964984675,0.8751842372193844,-0.4411027483184883,1
0.17314606542555513,-0.08155932294932637,1.5321466359508467,1
0.44273788202905917,0.9447175331389708,-0.16797466527048463,0
-0.008504923842627032,-0.18285157898132423,0.35342409885367687,1
-1.1610703787642225,0.5575951470770781,-1.112918382131885,0
-0.854902897580666,0.6316396648993451,-0.21050412616297942,0
1.8267519651772748,-0.8300151976194504,2.1360208975053867,1
0.33192923803653707,1.308051007599223,-1.3215061806036363,1
0.47446211997843707,-1.6175576510664178,0.5532178527284399,0
-1.369947137883392,0.6333046828869432,1.068858786441876,0
-0.17450360535811063,0.2361638915650861,1.108395782821324,1
-0.9756311868057491,1.6354319231785504,0.19655553079983248,0
0.3640561537613165,-2.597850102187171,-1.8344093459266386,1
-1.0386036298199783,0.47702921163364387,-0.6145093292319479,0
-0.27940128158641003,1.1087270620123486,-0.3689858052505187,1
1.1352734605348105,-0.4746403021244654,0.0078388598654857,1
-0.9944908893956342,0.6595064726700162,-0.7358854969482881,1
0.4419989828985619,0.45336613960661704,1.1145577072768609,1
-0.38372593324560567,-1.125645627794262,-0.9508012320184313,0
-1.4539340815435877,-1.011327141519068,3.3283784517230415,1
1.8572431273798724,0.5812092337830934,-0.7704307333024035,1
0.6640269040057912,0.15643745546159618,0.46624984882777937,1
-1.1473154683541642,-1.3897885896063986,-1.1960816661825462,0
-1.8957340173554191,-1.4064359779633804,-0.4030183525775468,1
-1.3801769518208522,-0.5774212278009826,-0.4495091437573787,0
-1.6990549410743447,-0.7153884173492185,-1.0087198807498108,1
-1.2823463693464705,-1.064908840511711,-0.8893802155977985,0
0.10661750515605074,0.36241985631562856,-0.44456762066767846,1
-1.0893950831874846,-0.03918371843519489,-1.4594363468190827,0
0.11603254957249523,-1.3687815857195755,1.1944190074986172,0
1.9214604265562238,-0.40482719955306,0.4315433173402686,0
1.2851526863681912,-0.13132488016955152,0.9683027144186993,0
-0.26349254242414183,-0.794130651598088,-0.1497810533393807,0
-0.802190013809231,1.292835638425944,0.42241015536060644,1
-0.5151645945034821,0.3302753475588109,1.4215008257281574,0
-1.0106546596226404,0.21366443660912546,-0.32602654569276035,1
1.6010469199544173,0.4806114273331036,-0.9005078464923341,1
0.2947486859197656,0.1480682830111387,-0.4410910376338566,0
0.45018833310615647,0.22880845806857,0.9438748318040076,1
-1.5365789377169794,-1.0273019653743394,0.087231663316844,0
1.539229346260955,-0.0292141315556191,0.7515107924411453,1
-0.8543201077831888,0.6932214245664123,-0.36852188761310584,1
-0.5347779335235414,-1.1529838357152313,1.0224636810643923,1
-1.3379368525722484,-0.9266992510923613,-2.2998462472267582,1
-0.12673519015088094,0.6801283477538067,0.9393999750307963,1
-0.7873294995552655,1.0877078479384745,0.026178433334284885,1
0.6882816230367509,1.8315267628717422,-0.5749157147460275,1
1.627592773203894,0.6618522293133595,1.4771310286837658,0
-0.8295390402007126,0.8313433205996676,-0.2617543593338828,0
1.6002649762722758,1.449386545076323,-0.7789334799506887,0
-0.20992171437902768,-0.28554792532773926,-0.5746730952313546,1
1.3147897861801068,1.2504809603806564,-0.414509101945247,1
0.21808363832120753,0.748547665013006,0.9550963576589213,1
-0.1332048457774488,-0.3686789249514929,-1.6974002640694903,0
0.9773008035554537,0.6308686263803621,-1.943879138014253,1
-1.4309999574276406,-0.2600328358596325,1.007651545490526,1
1.6902569879710918,-1.9467409039106647,2.345446041888129,0
1.533862681293709,0.474316416324487,-0.2744102171739132,0
-0.1006112015623869,1.4397142638048774,0.7710459459876768,0
-0.656586282630319,0.404130452890685,-0.22900888281066373,0
0.671683110490242,0.16779438059832116,0.14153778317489457,0
1.2203122741895367,-0.11937193822693958,0.4261851057127764,1
-1.1872479275721473,-1.1432136659773762,0.03423026078937804,1
-0.44845091232049916,-0.15369383029438632,1.4465136644208827,0
0.21162506682294857,-0.09131595804948828,-0.7695159477108933,1
0.34108282806583884,-0.6357967220891534,-0.8551704397916141,1
1.0098146053805075,-1.1510197009371796,-0.09642588776904464,0
-1.1989008002224912,-0.12976931898370228,-0.34521823169471866,1
-0.24834372496821433,0.6822237594828473,-1.1220548162339605,1
0.12371482730142036,-1.8298462437203908,0.966880376409987,1
-0.4660848658426348,-1.817037553343844,1.6189378145329631,0
0.4515397654478878,1.8272931876466618,-0.49494444560897355,0
1.4671074341140093,1.0090112694501792,-0.3702053477482099,1
0.3965165027004206,-0.11672368037257899,0.8158019391816508,0
1.6655224674548332,0.5294371990672271,1.165453609439203,0
-1.2440635242040101,1.4776610265269472,0.6292447404533752,1
-0.37534512154159066,2.016984817558197,-1.8002213858295288,0
-0.389866374184911,-1.6712985891607657,-0.24150761186909558,0
1.8333221483532085,1.2660378774992478,0.4146534720525338,0
-0.42450124879164475,1.50826151588001,-1.7592707530825797,0
2.426611736194517,-0.30068370508925035,0.522610745916989,0
-0.4552634870019163,0.09142035103550306,0.5111508064567575,0
-0.026035203562282314,-1.5939059996383724,0.43556451800472756,0
0.33681743532448644,-3.3463270602694806,1.8060186814534136,0
1.2335027715738016,-1.157572239411211,1.044609947139001,1
0.8632265550004222,-3.3877870462301467,-1.4698760843583878,1
-0.9121385479612218,0.019291012021617333,0.6293380636958164,0
-1.72761471755795,-0.0477517841526161,-1.04592074666809,0
-0.2731291140965636,-1.7585297778532132,-0.021681353643996565,0
-0.5289135411129573,1.922138238715579,1.3854611262523622,1
-0.5212765472992125,-1.0569597682751708,-2.316111296394682,1
-0.5834990746132414,-1.0967555993491256,-0.23825824665301149,0
0.3222713287485552,-1.4468651107117667,-1.2774615177775743,1
0.09060436311630025,-0.04232125584450116,-0.47238485495310806,1
0.8881613689948484,1.776329401891378,-1.6192226707371533,0
-2.3447138094260334,-0.33116475732040024,-1.4409281571589623,1
0.6295968975937525,-0.40197422587193044,0.022858962733623693,1
-1.0484931168809946,0.6037204417199159,0.3116754078431789,0
-0.8323258274524836,1.2470045406696515,0.5607885619197414,1
0.179494012259488,-1.494497219665478,1.9208997658533218,0
-0.4238200136811276,-0.4849495006730883,0.3042000523562163,0
-1.460350139187778,0.6892452980789134,-1.6660553886357845,0
0.42739293189327887,0.8771665411432404,-1.164574727503932,0
-1.0636911649907868,-0.14339832212742598,0.012287609434359949,1
-0.7766904561553956,1.415333576118471,-0.26967572869221623,1
0.9750489890847578,-0.37810225253928853,-0.5274768461046312,1
1.0213787460417447,-0.05105074709558361,-1.2493134550656175,0
0.4075811336573102,1.3965331542957446,-0.3717442868737956,0
-1.14180410886292,0.62526991507569,0.16560405239787737,0
-0.007959412622705862,-1.033526558052102,0.047387651427466385,1
-0.5916323890117176,0.6957953402881282,-2.1194444555029572,0
1.1340566847638431,0.656721402410164,-1.2914820289375115,1
-1.1124505495194699,0.8475550473049865,-0.4993843265386929,0
0.8007915262618622,1.7628769138738993,0.5808706872585726,1
1.732593316175397,0.001740980961229128,0.7029674900870774,1
0.3401599570982133,-0.9920189421598284,-0.5356235562900487,1
0.38982351624064915,0.5998343304988057,1.6413044436355202,0
0.16958847439210126,2.111557609155633,-1.4000519724543932,1
0.3531577229005488,-0.2925508097843371,-0.8535972610427343,1
-0.9610557938813399,0.32796436483970165,1.39771648860428,0
-0.3675260690631678,0.3205567295197801,1.2384824528990885,0
0.622648873255439,1.6014658975729765,-0.10732822924548051,1
-1.3883585157904288,-0.14676754148619492,-1.474208555924425,0
-0.22514888667459287,0.6978851946175311,-1.3410843185248207,1
0.5302596532050824,1.2263552962751303,0.6591543749640235,1
0.11499014402759936,-0.05840441180709274,0.4416929462799858,1
-1.5246318443246551,2.332228748291739,-1.836251159534183,1
1.7097955802722213,0.30726058310884535,-1.3527375983464982,1
-0.47836599395320284,-1.0997269818702176,-0.4097853902486329,1
1.1575356206466734,1.513070792803619,-1.0941729199031751,0
0.687064244420797,-1.3647329407208093,0.19772351693686938,1
1.3291797376229195,0.7940693004042837,0.6411363208397465,0
1.5902063881626398,-0.04276987648385202,0.6561302465147194,0
0.9366232350863604,0.5525798475480025,-1.218371586420604,1
-0.3430938269940999,-0.5743655248214308,-1.5586775301363025,1
-0.14154213594312598,1.5931767917498232,0.32572317091892744,1
-0.1634963999327318,0.2222564855569121,-1.1860423392574762,1
-1.2742852856615285,-0.6053817010317032,0.18404259524083416,0
0.7571662321003498,-0.21064063145420725,0.03942104850465327,1
-1.1972506622963814,-0.13667524951334883,0.11891811822384607,1
-1.1477621990807572,0.6858846545504685,-0.49777955154170456,0
0.697497224545851,-0.30660033192688496,-0.18432863004483294,0
0.5395436898719419,0.6391934191225933,-1.4101559869221743,0
1.2537845385678188,0.21906261327421353,0.7864637535078873,1
-0.2695224025679847,-0.11328897145180256,1.3664137639397738,1
-1.0253431066610337,0.6757172557846041,0.20976033378047115,0
-1.2594553709075917,-0.3358352764300232,0.7730632578944047,0
-0.055215513236906384,-0.49862210929838513,-0.49259331385163474,0
-0.21696952640994432,-1.9121791359667588,0.6061868769937562,0
-1.342179906367807,2.055477275488859,0.6706145810461894,1
0.27730933955277143,0.4626400053294538,-1.2746176867461885,1
1.5174308466490978,0.8000549728174652,-0.5606334419900852,0
0.5494770877916711,-0.60741362386527,-0.17473637249514157,0
1.3237179860255486,-0.46123955029481856,-0.3909834863433731,1
1.448901183817112,0.2940123910927493,-0.4184718443120269,0
-1.2366717808078038,-0.006754754419227268,-0.48689331424063426,0
-0.5878532499429157,-0.003067449713608802,-2.475259578146997,1
2.49793526458455,-0.1995728686257229,-0.011808332193800503,0
0.06084731477288241,-0.8424964730598989,0.7088973661338862,1
2.3258224751443417,0.9973593747721938,1.7990477223274661,1
0.11047684333344117,-1.695510772131221,1.163292017169567,0
1.9198645620810018,0.1133669823350209,-0.32387814114529173,0
-0.7577279107347722,-1.8141066038475855,-1.1718322647228103,0
1.7203951802851831,-0.6203204004623268,-0.2501786026823069,1
1.7293942481052174,0.7906490984183403,-0.776417042773565,1
-0.20151554534691055,-0.10251729520698151,-1.3766011066079766,1
-0.6640446029650758,0.3716933232421253,0.7939962557704547,0
-0.4300249533790166,-0.38518517492272997,2.3101738443975464,0
-0.1720753768111019,0.5336384773586216,-0.505896177911699,0
-0.18860109774280404,-0.6060585887170126,0.6480601203998142,1
0.08360494005959751,-0.04940614834588192,0.3068001284819864,1
0.5568643946204892,-0.21749131580889017,-0.6362612494107671,1
0.1433551046189271,-0.3869229235525656,-0.047171041213025414,1
-0.4779263715979422,0.0009084488651579369,-0.6262182165609879,0
0.5371146760187953,0.009043061823688288,-1.3831568770619722,0
0.4226575813582178,-1.7925861369409888,-0.54583620845747,1
-0.06465697158555193,0.005348546562682795,0.0518557332122233,1
1.6323240731375352,-1.4464705208206328,-0.08227958182671682,0
-0.3770320245514096,-2.105258516068039,-1.076913100553145,0
0.396241106930482,0.23761711588046625,0.16375827197758436,0
-0.8228820860235599,-1.3000223409816543,0.8044576754002974,1
-0.4154046639411615,-1.057525152007994,0.7844723529518368,0
0.44088503464718415,1.9859672912071182,-0.46224418393400035,0
0.2764411208383363,0.2914965235847023,0.1804688865209626,1
-1.2725608646492637,1.4579326209222352,-0.15705461978465451,0
-1.6572866500487844,-0.7379397132893508,1.3268687548574896,1
-0.8694471556646352,-0.29216854265146924,0.5789202476602536,0
0.5586794555428093,0.9284678521079341,0.8248655301899677,0
2.784285773681476,0.677738765108665,0.2794170963843347,1
0.2273193849146755,0.39951971757109567,0.9931078394686323,1
0.3029647049021126,0.07689174460336311,2.3263725694929445,1
2.0278628710873807,-0.5587770857224418,0.09771449066144995,1
-0.8726601592472661,-0.5048267347113896,-0.3609161392008059,0
1.3907732471781686,-0.909021625351271,-0.09160735483671435,0
0.5607563699942058,-0.7228577561112033,0.1749220927743231,0
0.8000545298840002,-0.5975495532091364,1.0592154969001144,1
1.3171704550414147,1.0264041820178065,-0.020370194765529363,0
0.8378745818244272,0.08632912659954732,-0.8443575228934467,0
0.9257832180860469,0.3501740164540659,-0.5568240162806157,0
0.23062816903226968,0.9687469426814774,-0.049897007744184936,1
0.30714557593089076,0.37210934551983016,0.1172395989611574,0
-0.8992117107986735,-0.2649059100807323,-0.20711373383195894,0
-0.9823917562867477,-1.492785258497284,0.5429247946500129,0
-3.8776071751897,0.1523669026920106,-1.2984141837659016,1
1.8687039170826254,-1.6752053109748513,-0.13519282528517368,0
0.14774480322556063,-1.2581690156508507,0.8993855203454891,0
-1.1318352556131803,-0.854097918059834,1.4887914103458748,0
-0.8241837840039272,0.6522553249797193,0.5722381761208993,0
0.19314561483165982,-0.04231449461264779,-0.7443072591803173,0
0.7969623636290741,-0.9402125427839881,-0.07500842925847502,1
0.03780532683737634,-0.6085649857183639,1.5102435430889445,1
0.7851573659323363,-0.8731975912584105,1.1077335726564541,0
1.0204050174155355,1.1678827280446803e-05,-0.6132929557536607,1
0.3000201120609382,0.4183343231454922,0.7230824359175797,1
-0.25437918221828937,-0.7378439764601548,-1.292171160019101,1
-0.35860352448914024,0.5555398234336052,-0.3298088613842043,1
0.6792796884208077,-1.1798590395476016,0.6711266906000466,1
-2.397610495789854,-0.08203794940527197,-0.9636635369766942,0
-0.06157907784807274,1.5531534794279103,1.558999264010145,1
0.20612351963709166,1.3189808908805951,-0.2629471617493647,0
0.16981058349767272,-0.6545298700775823,0.32877754493211,0
0.8048500785378035,-0.3017891839584994,-1.02849897239301,0
0.3890023225365994,0.7396997651822679,-1.924733664157325,1
0.7602370056793823,0.08966073411797405,-1.393309530316946,1
0.10654517015230766,0.3793443346828328,0.3357751557435021,0
-0.06681155561615172,1.8656846506677367,0.2803820281528869,1
1.0103718383147813,0.5931191546725697,0.3844501736445245,0
-1.3979463632403775,-0.5205841120860644,-0.4508177702254846,1
0.4302180357807832,-1.5850152810284903,0.2548665516413532,0
-0.522956586855723,-0.24294753937985905,0.6140663400180815,1
0.39483602401833234,0.2666370942628649,1.2748471990673658,1
-2.6576948934494613,-1.1947522969587225,0.03696807717774255,0
0.10586881956162976,1.3023973892075371,0.4708938537368371,1
-0.2626844520021122,0.6364674745074206,-2.0449025747872844,0
0.7419916998533754,0.12984419121967453,0.12334481367530184,0
0.4265939394919872,-0.6369229909991206,0.20026950491658072,1
0.19134115474047353,-0.5524232901920293,1.3950151450459174,0
0.9689719537251587,-0.29438187111863284,2.0379341059308365,1
0.460970274864299,-1.742811361907387,-0.2631966535889687,0
0.32137476762889383,1.386466170786969,-0.9731190257793542,0
-0.394977931339174,0.16693669038909803,-0.04094403676040999,0
0.21974873672025474,-0.1387983421671961,-0.36292824731177614,0
-0.5213289159531056,-1.2875525777532923,-0.821229498904104,1
-1.7206083972228225,-0.5049988071580579,-0.6242839833711797,0
-1.0925289625558012,1.3993956904431608,1.3348952806122465,0
0.9213134566456019,1.3975518161962452,-0.010208435945717124,0
0.881754983793685,-0.9592423739918191,-0.21848211995077782,0
2.182925773725721,0.480260946936042,-1.9381948659934023,1
0.7882819793060845,0.2137280610504472,-1.3472999086645545,0
-0.3897838549416132,1.5444485174338993,0.5981792793309724,0
0.08664214928888193,-0.8539078694875288,-0.4149056918068846,0
-0.9418559985437996,-1.059059085481464,0.602348620048702,1
0.31868729424518044,-0.3605490264535298,-0.6259747116018384,0
-0.2979351050786817,1.2928521912345983,1.784244334930567,1
-1.0103959355865506,-1.050017216644769,0.475441392644006,1
1.4813258858414469,0.4066775762102063,-0.43063162958154605,1
0.6209452930123255,-0.5621835738364658,1.75334329936497,0
0.5083754382971943,1.3969980102661967,-1.2198163374262656,0
0.5368307434664288,1.5195568722465627,1.6426085750635524,1
-0.16082359564186915,-1.1990935469157404,0.5360299654923504,1
1.0371981664576655,-0.9279779447980052,0.28253503713981765,1
2.386025759181225,1.8441046267506112,-0.46651168584897634,0
0.866049959482735,0.5037047604125215,-0.9470782839487659,0
-0.5635236664645795,-1.0212126502185144,-0.6041273758663263,1
-1.25817424236891,0.6956637888458737,-0.674891889100624,1
-0.31646479129318866,-0.7044929598532116,2.031223494924963,1
-0.7168539953918802,-0.018372348463805376,-0.5385087848168896,1
0.22023827216437075,-0.7259363148668019,-0.7253949465700259,0
-0.36978052308649634,0.5929906066713733,0.7653113512522421,0
-0.18792294446920862,0.5658517889087747,0.34238593395381417,0
-0.03012793474051964,0.37591917731598545,0.21204010993943606,1
0.490841313225412,-1.1039667837555138,-1.062126127981871,0
0.2604918560078445,0.2709794736661161,-1.299683613676369,0
0.38158171665027524,-0.839618270616926,-1.1066477818748757,1
0.5976796942791002,1.0332452715187876,-0.005310580490332317,0
-0.5944015331157718,-0.10169708114298723,0.10631836913763672,1
0.23647760393706685,0.508481751735402,2.54679549260703,1
0.5509045852380157,1.6744538071783046,-1.4314632291022422,1
-0.7796631711633728,0.07560507309192972,-1.2163094401157168,0
1.4515559398118185,1.9061956772925244,0.42757789090445314,0
-0.18094706801613722,-0.14146383023709577,-0.17596932202169605,0
0.14345657928145625,1.5548537645880878,-1.0195913439546223,0
1.8918970389774399,0.9357181934291757,0.42412406418507204,0
-0.9574341701876227,0.24628405530394776,0.41169833213948814,1
0.14149563466944898,0.8481400559058424,0.41385564293444166,1
-0.49059420994473785,-0.4597564861196983,-0.12722153611442932,0
-0.6356340780089718,-0.038066207722901514,0.10347411425309075,1
-0.8879412912815466,-0.6766371114590899,-0.9919279919161639,0
-1.1764212379992778,-2.0568667759550667,0.4263396657377715,0
0.5270471860454119,0.2910885396691934,1.22053143283431,0
-0.8428058346409769,-0.25220065388336593,1.1276630076704826,1
-1.0469723692873436,-0.3006487606629779,-0.14109626576978257,0
-1.356741096653806,0.21745435851836548,0.6173416187296292,0
-1.3764767576045613,-1.6839290582327415,0.249563413042225,1
-0.325471359559289,-0.8832524973271466,0.22300584948704993,0
-0.12996784281349408,0.8291846931267421,-0.1406283560471639,1
-0.15081243596315153,0.25902182875180174,0.2267455758569367,0
-0.3480766652984824,1.4518568636765996,-1.080592484220043,1
0.02068111907224606,1.180671488256462,0.35244912569645437,0
-0.4894446190008589,-0.7262300280458795,0.5412174776475626,0
-0.8540391591109916,-1.3993573264802754,0.6780625650197574,0
1.0466153716253777,0.8732649767724368,-0.1370284515010045,1
-0.5123750333458936,1.1030812725470485,1.480905852122578,1
-1.0003866565131299,-0.6606535541549878,-2.0122635839471914,0
0.37848693281147283,0.590932670653914,-1.5923282025051173,0
1.8875606951639314,0.45996950039323825,-0.7897443106182648,0
0.2705285490833922,-0.48780197557756094,-0.22444464595709643,1
-1.0596839316941769,-1.826164458834012,-0.30472251473100304,1
1.1687897625912995,-0.0791335172177977,1.8918459765568179,0
0.6303154256141792,-0.5698161497641933,0.4449070110575173,1
-0.33574442599817694,1.2390923472213424,1.6200480501372443,1
0.1218217310732927,-0.7242455935950209,-0.5189370813452657,0
-1.9564770162228173,0.019725490438964915,0.9185646559657218,1
1.006219338709802,-2.0640409138454694,1.8054314112099026,1
-0.43254104181926467,0.562559486997439,1.4211293783681478,0
0.3434609278167307,-0.9878557850159109,-0.3405617397231827,0
0.42708173880206024,-0.0003817113381284765,0.5202679526872741,1
1.275874891315634,-0.8446663387435296,0.6608679767817506,1
-0.4688400022611411,-0.25532697317899355,-0.324262976180269,0
0.8976654326950503,0.11084452753726198,0.17117098429616642,0
-0.44113654509877964,-0.1266217313970163,-0.7077425833650193,1
0.21183028661654266,-1.286295894666899,-0.5001679160864249,0
-2.2624328048340585,0.016203010521912635,-0.13303905454527493,0
-2.082204932487543,-0.8330924868521632,0.0077842111252755695,1
-1.3422817150665731,0.11717345106255624,-0.4311373038195381,0
-0.6732532866107331,0.6738979657206102,0.8071799465271582,1
0.6034868018106863,-1.928260149884536,0.7154834521699661,0
-0.8042132142894368,0.39294805343983763,0.7643249820626465,0
1.8096557314756891,0.9269172740700851,-0.1382444956709054,1
-0.8926620208653188,-1.295744448946839,-1.1709401845765115,0
0.7061353887795384,0.602568358370386,-1.1768275394698737,0
0.0630101498445143,0.3713886426393503,-2.629548275568645,1
0.26121998920064937,0.18623378008887895,0.3090637940191749,1
-0.5156798461536165,0.0907787149107631,0.3121395787277454,0
-0.2673497927067295,-1.4756233146578281,-0.6204758188687084,0
-0.16688938921863097,-0.383709710588872,-0.30926688805757696,0
-0.2946537874173325,0.03706946168838193,1.3585830754039898,1
-0.16741631016304112,0.9524498167815958,-0.7162195909868684,0
1.1646410589406384,0.9685068371164391,1.9708130143355445,1
0.27746109143528724,-1.6983472403524653,0.06273427024159912,0
0.399124047111148,0.8172297844143332,0.5913829222814697,1
2.130219067666159,-0.06106239492588037,0.7854994245410563,0
0.39283910543561856,-0.44156393186288007,0.25050877663848475,1
0.4730209470863966,0.298353115949163,2.1635532247429934,1
-0.44768161848374366,-1.4624500517213215,-0.0353729974059431,0
-0.23235961805210614,-1.2063202088467508,1.6756213432537657,1
1.5082274164781835,-0.9912701935207391,-1.0714672682715247,0
-1.2010353459487382,-1.2460007386993035,0.22540197266045495,0
1.1300019343089747,-0.5096261500355121,-1.4802282902264465,1
1.1647906604031166,1.0218253820316885,1.0327387537781412,1
-2.2271118458136185,-1.6117989569703828,1.0570369634648151,1
0.021856713669728862,0.28860809845615704,0.769046686993271,0
-0.7887090831677855,-0.47668576001197843,-0.2724047659936845,1
0.7747275729898871,0.6834562348040415,0.7314718595347578,0
-0.3903585484144364,-0.5354956388288377,0.5134915173499895,1
0.9014235187286576,0.5930266060526141,0.39238031754845043,0
2.0897559402407704,-0.9023910277327322,-0.17859472671385204,0
-1.4415346418421326,0.10979171004383312,0.1516831175046465,0
0.5413575219838789,0.1448829706016623,0.019948842787100154,1
0.3338030543408019,-1.1856833401365832,0.5950364444738703,1
0.06322886167179946,-0.3703232786633765,0.6648740953890162,0
0.06023652748891692,0.3009672896790775,0.7922555175315709,1
0.5375372269816293,0.9185308555533473,-0.6932805868847121,1
-1.096584229342321,-0.1939359916716514,-1.6342166208292288,1
1.3276657017395561,0.08785364746539,-1.2345752138226833,1
-1.3425759902630507,1.129225533981604,1.4329319131816556,1
-0.5417808438112984,1.305810719117017,1.7945348286511118,0
-0.9371728386953313,-0.703826987130907,0.09013392474520376,0
-1.5544775132468855,-0.39580034280162024,0.6168515178563232,1
1.3322881611167674,-0.6641163583334627,-0.972406162017694,0
-1.326397914353554,-0.4452481267157952,0.2066465070679678,1
-0.6920451299884122,0.5376849800943887,-0.28766225527688344,1
0.3438458247765527,-0.38645370255574135,-0.7471743388254212,0
-0.8347450321472795,0.6606200118667197,0.9562009794261058,1
0.5733397529405195,-0.24862252935951434,0.37515498193678615,1
1.118449503241346,0.1825253130066115,-0.10825443130768525,0
-0.5695629948215182,0.17840819043128162,0.11828068445269865,1
-1.4949429382011326,0.7922517927973578,-0.7099938078390754,1
1.570904047741848,-0.3446864603684474,-1.6272354898870045,1
0.2826439704283222,1.9066116811108582,0.1005592977222428,1
0.5485817907171326,-0.9191716743535504,0.08141524084463908,1
0.9165134943820772,0.9208627949657544,0.34300614705394794,0
0.23891136929992857,-0.2034448784767313,0.3821191800557659,0
0.6377045167817247,-0.7284842804177041,0.5265768247561832,1
-0.47863357936280493,0.48864301446716424,0.5202156722368942,1
0.10770324695618842,1.283064661183987,-1.0167107377678248,0
-0.7062638290874363,-1.0919571553483216,-0.46772344754470846,0
-0.3477101082602656,0.4635548203722024,-0.03815208741223358,0
0.7226051172706772,1.3022203887504369,0.3019012630744686,0
1.083953999903382,0.06752478755841702,0.21147656443713006,1
-0.8808894224505458,-2.0475611268339717,1.0224578614203987,0
-2.5898254986816514,0.8443037728376096,0.3627593193148645,0
1.91304238568749,-0.41097020274162605,-0.8437743577646588,0
-0.7358961194038999,0.6287726448913944,0.3831071666426755,0
0.08162774872561308,-1.7097493944689508,0.025140425255204324,0
-0.020789395923315666,-0.33228614947763424,0.07140861088906623,1
0.5165811862074772,-0.4105405649521524,-2.0216480355383637,0
-0.7795739036061392,1.8635910868852534,-0.33589384453900406,0
0.49320501950257917,-1.413671186915776,0.8622436872305597,0
-0.6794456694533773,1.0124122018096666,0.47601110465719026,0
1.9736133109704141,0.1786896831931497,-0.7295140900538596,0
0.1832726642829032,1.3032212103789758,-1.5625977510110531,1
2.1012195693338427,1.0477240560887804,0.15673702140230822,1
-0.9731724442188339,0.00921950002038976,-0.2528460631866778,1
0.9052277838242003,0.9783435743299889,0.12461185515808408,1
-0.7465927468420296,1.1623758332544283,-0.49683401219792594,0
0.21511545056822953,-0.6048446055790591,-0.09992798328956917,1
-0.6120366797474338,-1.1273093407650883,-1.2162120726405228,1
0.14579674610565413,-0.754906213784799,0.31800327344447826,1
-0.3484415210021901,-0.02829953797554902,-0.4137479788158816,0
